IncidntNum,Descript,DayOfWeek,Date,Time
160441007,FOUND PROPERTY,Monday,05/30/2016 12:00:00 AM,07:30
160835842,FOUND PROPERTY,Thursday,10/13/2016 12:00:00 AM,16:09
160836298,FOUND PROPERTY,Thursday,10/13/2016 12:00:00 AM,17:30
160836715,FOUND PROPERTY,Thursday,10/13/2016 12:00:00 AM,14:00
160837490,FOUND PROPERTY,Thursday,10/13/2016 12:00:00 AM,16:30
160838012,FOUND PROPERTY,Friday,10/14/2016 12:00:00 AM,11:00
160838034,FOUND PROPERTY,Friday,10/14/2016 12:00:00 AM,09:45
160838329,FOUND PROPERTY,Friday,10/14/2016 12:00:00 AM,12:00
160838909,FOUND PROPERTY,Friday,10/14/2016 12:00:00 AM,18:09
160839032,FOUND PROPERTY,Friday,10/14/2016 12:00:00 AM,12:00
160839236,FOUND PROPERTY,Friday,10/14/2016 12:00:00 AM,20:45
160839258,FOUND PROPERTY,Friday,10/14/2016 12:00:00 AM,17:30
160839559,FOUND PROPERTY,Friday,10/14/2016 12:00:00 AM,21:00
160840186,FOUND PROPERTY,Saturday,10/15/2016 12:00:00 AM,07:40
160840255,FOUND PROPERTY,Saturday,10/15/2016 12:00:00 AM,08:00
160840528,FOUND PROPERTY,Saturday,10/15/2016 12:00:00 AM,09:00
160840716,FOUND PROPERTY,Saturday,10/15/2016 12:00:00 AM,12:35
160840879,FOUND PROPERTY,Saturday,10/15/2016 12:00:00 AM,11:30
160841112,FOUND PROPERTY,Saturday,10/15/2016 12:00:00 AM,13:00
160841247,FOUND PROPERTY,Saturday,10/15/2016 12:00:00 AM,16:00
160841576,FOUND PROPERTY,Saturday,10/15/2016 12:00:00 AM,18:20
160841833,FOUND PROPERTY,Saturday,10/15/2016 12:00:00 AM,17:00
160842223,FOUND PROPERTY,Sunday,10/16/2016 12:00:00 AM,00:15
160842552,FOUND PROPERTY,Saturday,10/15/2016 12:00:00 AM,23:00
160842671,FOUND PROPERTY,Sunday,10-09-2016 00:00,11:00
160844100,FOUND PROPERTY,Sunday,10/16/2016 12:00:00 AM,17:00
160844188,FOUND PROPERTY,Sunday,10/16/2016 12:00:00 AM,18:30
160844417,FOUND PROPERTY,Sunday,10/16/2016 12:00:00 AM,17:35
160845261,FOUND PROPERTY,Saturday,10/15/2016 12:00:00 AM,23:59
160845330,FOUND PROPERTY,Monday,10/17/2016 12:00:00 AM,08:25
160845409,FOUND PROPERTY,Monday,10/17/2016 12:00:00 AM,09:05
160845493,FOUND PROPERTY,Monday,10/17/2016 12:00:00 AM,08:15
160845681,FOUND PROPERTY,Friday,10/14/2016 12:00:00 AM,09:00
160845926,FOUND PROPERTY,Sunday,10/16/2016 12:00:00 AM,08:30
160845982,FOUND PROPERTY,Saturday,10/15/2016 12:00:00 AM,17:00
160846269,FOUND PROPERTY,Monday,10/17/2016 12:00:00 AM,14:00
160846441,FOUND PROPERTY,Monday,10/17/2016 12:00:00 AM,11:00
160847110,FOUND PROPERTY,Saturday,10-08-2016 00:00,16:00
160847502,FOUND PROPERTY,Monday,10/17/2016 12:00:00 AM,19:30
160847609,FOUND PROPERTY,Monday,10/17/2016 12:00:00 AM,22:36
160847665,FOUND PROPERTY,Monday,10/17/2016 12:00:00 AM,19:15
160847916,FOUND PROPERTY,Monday,10/17/2016 12:00:00 AM,22:48
160848077,FOUND PROPERTY,Tuesday,10/18/2016 12:00:00 AM,01:00
160848613,FOUND PROPERTY,Tuesday,10/18/2016 12:00:00 AM,09:28
160849019,FOUND PROPERTY,Tuesday,10/18/2016 12:00:00 AM,12:03
160849285,FOUND PROPERTY,Monday,10/17/2016 12:00:00 AM,12:50
160849445,FOUND PROPERTY,Tuesday,10/18/2016 12:00:00 AM,15:00
160849956,FOUND PROPERTY,Tuesday,10/18/2016 12:00:00 AM,13:32
160849990,FOUND PROPERTY,Tuesday,10/18/2016 12:00:00 AM,17:56
160850351,FOUND PROPERTY,Tuesday,10/18/2016 12:00:00 AM,20:45
160850856,FOUND PROPERTY,Monday,10/17/2016 12:00:00 AM,23:54
160851393,FOUND PROPERTY,Wednesday,10/19/2016 12:00:00 AM,08:45
160851688,FOUND PROPERTY,Wednesday,10/19/2016 12:00:00 AM,11:15
160443467,FOUND PROPERTY,Monday,05/30/2016 12:00:00 AM,20:17
160853690,FOUND PROPERTY,Wednesday,10/19/2016 12:00:00 AM,21:15
160853747,FOUND PROPERTY,Wednesday,10/19/2016 12:00:00 AM,22:45
160854278,FOUND PROPERTY,Thursday,10/20/2016 12:00:00 AM,07:45
160508390,FOUND PROPERTY,Thursday,06/23/2016 12:00:00 AM,06:10
160854927,FOUND PROPERTY,Thursday,10/20/2016 12:00:00 AM,12:00
160444095,FOUND PROPERTY,Thursday,05/19/2016 12:00:00 AM,12:00
160855806,FOUND PROPERTY,Thursday,10/20/2016 12:00:00 AM,16:45
160445554,FOUND PROPERTY,Sunday,05/29/2016 12:00:00 AM,16:30
160445617,FOUND PROPERTY,Tuesday,05/31/2016 12:00:00 AM,17:45
160445689,FOUND PROPERTY,Tuesday,05/31/2016 12:00:00 AM,16:30
160858292,FOUND PROPERTY,Friday,10/21/2016 12:00:00 AM,08:30
160858402,FOUND PROPERTY,Friday,10/21/2016 12:00:00 AM,14:00
160860554,FOUND PROPERTY,Saturday,10/22/2016 12:00:00 AM,11:36
160860924,FOUND PROPERTY,Saturday,10-08-2016 00:00,11:00
160446364,FOUND PROPERTY,Tuesday,05/31/2016 12:00:00 AM,19:30
160861790,FOUND PROPERTY,Saturday,10/22/2016 12:00:00 AM,17:50
160862760,FOUND PROPERTY,Sunday,10/23/2016 12:00:00 AM,08:00
160862889,FOUND PROPERTY,Sunday,10/23/2016 12:00:00 AM,11:00
160862942,FOUND PROPERTY,Sunday,10/23/2016 12:00:00 AM,11:00
160862992,FOUND PROPERTY,Sunday,10/23/2016 12:00:00 AM,11:45
160863536,FOUND PROPERTY,Saturday,10/22/2016 12:00:00 AM,20:00
160864023,FOUND PROPERTY,Sunday,10/23/2016 12:00:00 AM,16:00
160864205,FOUND PROPERTY,Sunday,10/23/2016 12:00:00 AM,19:35
160865184,FOUND PROPERTY,Monday,10/24/2016 12:00:00 AM,08:00
160865281,FOUND PROPERTY,Monday,10/24/2016 12:00:00 AM,08:00
160865510,FOUND PROPERTY,Saturday,10/22/2016 12:00:00 AM,18:00
160865952,FOUND PROPERTY,Monday,10/24/2016 12:00:00 AM,10:00
160866029,FOUND PROPERTY,Monday,10/24/2016 12:00:00 AM,13:09
160866706,FOUND PROPERTY,Monday,10/24/2016 12:00:00 AM,17:00
160866988,FOUND PROPERTY,Monday,10/24/2016 12:00:00 AM,18:05
160867447,FOUND PROPERTY,Friday,10/21/2016 12:00:00 AM,16:30
160868661,FOUND PROPERTY,Tuesday,10/25/2016 12:00:00 AM,11:00
160869421,FOUND PROPERTY,Tuesday,10/25/2016 12:00:00 AM,15:09
160871084,FOUND PROPERTY,Wednesday,10/26/2016 12:00:00 AM,05:00
160871090,FOUND PROPERTY,Tuesday,10/25/2016 12:00:00 AM,13:00
160871131,FOUND PROPERTY,Wednesday,10/26/2016 12:00:00 AM,06:00
160871175,FOUND PROPERTY,Tuesday,10/25/2016 12:00:00 AM,13:00
160871216,FOUND PROPERTY,Wednesday,10/26/2016 12:00:00 AM,07:25
160871272,FOUND PROPERTY,Tuesday,10/25/2016 12:00:00 AM,08:00
160871329,FOUND PROPERTY,Tuesday,10/25/2016 12:00:00 AM,14:00
160871620,FOUND PROPERTY,Wednesday,10/26/2016 12:00:00 AM,10:00
160872292,FOUND PROPERTY,Wednesday,10/26/2016 12:00:00 AM,13:52
160872775,FOUND PROPERTY,Wednesday,10/26/2016 12:00:00 AM,15:00
160873193,FOUND PROPERTY,Wednesday,10/26/2016 12:00:00 AM,14:00
160873212,FOUND PROPERTY,Wednesday,10/26/2016 12:00:00 AM,16:00
160874527,FOUND PROPERTY,Thursday,10/27/2016 12:00:00 AM,07:00
160874549,FOUND PROPERTY,Thursday,10/27/2016 12:00:00 AM,07:15
160875309,FOUND PROPERTY,Thursday,10/27/2016 12:00:00 AM,10:14
160449120,FOUND PROPERTY,Wednesday,06-01-2016 00:00,20:00
160449158,FOUND PROPERTY,Wednesday,06-01-2016 00:00,16:00
160449211,FOUND PROPERTY,Tuesday,05/31/2016 12:00:00 AM,17:00
160875503,FOUND PROPERTY,Thursday,10/27/2016 12:00:00 AM,11:12
160875519,FOUND PROPERTY,Thursday,10/20/2016 12:00:00 AM,11:00
160875826,FOUND PROPERTY,Wednesday,10/26/2016 12:00:00 AM,14:40
160875923,FOUND PROPERTY,Thursday,10/27/2016 12:00:00 AM,16:52
160875939,FOUND PROPERTY,Thursday,10/27/2016 12:00:00 AM,16:50
160449603,FOUND PROPERTY,Wednesday,06-01-2016 00:00,20:55
160877888,FOUND PROPERTY,Friday,10/28/2016 12:00:00 AM,08:15
160878024,FOUND PROPERTY,Friday,10/28/2016 12:00:00 AM,11:48
160878052,FOUND PROPERTY,Friday,10/28/2016 12:00:00 AM,11:50
160878472,FOUND PROPERTY,Friday,10/28/2016 12:00:00 AM,09:00
160511202,FOUND PROPERTY,Wednesday,06/22/2016 12:00:00 AM,10:00
160880405,FOUND PROPERTY,Monday,10/24/2016 12:00:00 AM,14:00
160880756,FOUND PROPERTY,Friday,10/28/2016 12:00:00 AM,09:00
160881334,FOUND PROPERTY,Saturday,10/29/2016 12:00:00 AM,13:20
160881425,FOUND PROPERTY,Saturday,10/29/2016 12:00:00 AM,14:00
160881873,FOUND PROPERTY,Saturday,10/29/2016 12:00:00 AM,14:00
160881914,FOUND PROPERTY,Saturday,10/29/2016 12:00:00 AM,16:51
160882081,FOUND PROPERTY,Saturday,10/29/2016 12:00:00 AM,18:08
160882401,FOUND PROPERTY,Saturday,10/29/2016 12:00:00 AM,19:30
160882564,FOUND PROPERTY,Friday,10/28/2016 12:00:00 AM,20:00
160884178,FOUND PROPERTY,Sunday,10/30/2016 12:00:00 AM,13:17
160884366,FOUND PROPERTY,Sunday,10/30/2016 12:00:00 AM,13:10
160277523,FOUND PROPERTY,Monday,04-04-2016 00:00,15:30
160450519,FOUND PROPERTY,Thursday,06-02-2016 00:00,05:45
160884861,FOUND PROPERTY,Saturday,10/29/2016 12:00:00 AM,15:00
160884930,FOUND PROPERTY,Sunday,10/30/2016 12:00:00 AM,18:00
160885502,FOUND PROPERTY,Sunday,10/30/2016 12:00:00 AM,21:10
160886607,FOUND PROPERTY,Monday,10/31/2016 12:00:00 AM,08:30
160888396,FOUND PROPERTY,Monday,10/31/2016 12:00:00 AM,18:15
160888421,FOUND PROPERTY,Monday,10/31/2016 12:00:00 AM,18:19
160889344,FOUND PROPERTY,Monday,10/31/2016 12:00:00 AM,14:00
160889899,FOUND PROPERTY,Sunday,10/23/2016 12:00:00 AM,11:00
160890476,FOUND PROPERTY,Tuesday,11-01-2016 00:00,15:00
160891145,FOUND PROPERTY,Tuesday,11-01-2016 00:00,18:40
161003262,FOUND PROPERTY,Saturday,12-10-2016 00:00,21:00
160891361,FOUND PROPERTY,Tuesday,11-01-2016 00:00,16:30
160892143,FOUND PROPERTY,Tuesday,11-01-2016 00:00,22:15
160893038,FOUND PROPERTY,Wednesday,11-02-2016 00:00,13:47
160893549,FOUND PROPERTY,Wednesday,11-02-2016 00:00,17:42
160893981,FOUND PROPERTY,Wednesday,11-02-2016 00:00,15:00
160895410,FOUND PROPERTY,Thursday,11-03-2016 00:00,10:15
160895943,FOUND PROPERTY,Thursday,11-03-2016 00:00,14:08
160896838,FOUND PROPERTY,Thursday,11-03-2016 00:00,20:00
160897080,FOUND PROPERTY,Thursday,11-03-2016 00:00,21:00
160897767,FOUND PROPERTY,Friday,11-04-2016 00:00,05:15
160898301,FOUND PROPERTY,Friday,11-04-2016 00:00,11:00
160898317,FOUND PROPERTY,Thursday,11-03-2016 00:00,09:30
160452628,FOUND PROPERTY,Thursday,06-02-2016 00:00,19:15
160898878,FOUND PROPERTY,Friday,11-04-2016 00:00,13:11
160899183,FOUND PROPERTY,Friday,11-04-2016 00:00,14:00
160899218,FOUND PROPERTY,Friday,11-04-2016 00:00,15:47
160899252,FOUND PROPERTY,Friday,11-04-2016 00:00,10:00
160900097,FOUND PROPERTY,Thursday,11-03-2016 00:00,06:30
160900241,FOUND PROPERTY,Friday,11-04-2016 00:00,21:00
160900417,FOUND PROPERTY,Friday,11-04-2016 00:00,18:50
160900912,FOUND PROPERTY,Saturday,11-05-2016 00:00,02:00
160901879,FOUND PROPERTY,Friday,11-04-2016 00:00,17:00
160901998,FOUND PROPERTY,Friday,11-04-2016 00:00,18:30
160903900,FOUND PROPERTY,Sunday,11-06-2016 00:00,08:30
160453557,FOUND PROPERTY,Friday,05/27/2016 12:00:00 AM,11:00
160905025,FOUND PROPERTY,Sunday,11-06-2016 00:00,15:42
160905166,FOUND PROPERTY,Saturday,11-05-2016 00:00,08:00
160453955,FOUND PROPERTY,Thursday,06-02-2016 00:00,19:00
160905332,FOUND PROPERTY,Sunday,11-06-2016 00:00,10:52
160905508,FOUND PROPERTY,Tuesday,11-01-2016 00:00,19:30
160905956,FOUND PROPERTY,Sunday,11-06-2016 00:00,21:00
160906512,FOUND PROPERTY,Monday,11-07-2016 00:00,08:25
160454737,FOUND PROPERTY,Friday,06-03-2016 00:00,23:00
160906722,FOUND PROPERTY,Monday,11-07-2016 00:00,09:30
160907485,FOUND PROPERTY,Saturday,11-05-2016 00:00,09:00
160908320,FOUND PROPERTY,Monday,11-07-2016 00:00,10:20
160908580,FOUND PROPERTY,Saturday,11-05-2016 00:00,22:55
160908596,FOUND PROPERTY,Sunday,11-06-2016 00:00,10:45
160908615,FOUND PROPERTY,Monday,11-07-2016 00:00,15:40
160908897,FOUND PROPERTY,Monday,11-07-2016 00:00,22:00
160909384,FOUND PROPERTY,Tuesday,11-08-2016 00:00,05:15
160910002,FOUND PROPERTY,Tuesday,11-08-2016 00:00,09:00
160911630,FOUND PROPERTY,Tuesday,11-08-2016 00:00,20:13
160911787,FOUND PROPERTY,Tuesday,11-08-2016 00:00,22:46
160912177,FOUND PROPERTY,Wednesday,11-09-2016 00:00,02:15
160455707,FOUND PROPERTY,Saturday,06-04-2016 00:00,11:15
160912826,FOUND PROPERTY,Sunday,11-06-2016 00:00,15:00
160913197,FOUND PROPERTY,Wednesday,11-09-2016 00:00,11:30
160913777,FOUND PROPERTY,Friday,11-04-2016 00:00,19:00
160913880,FOUND PROPERTY,Wednesday,11-09-2016 00:00,16:00
161026935,FOUND PROPERTY,Sunday,12/18/2016 12:00:00 AM,10:00
160914167,FOUND PROPERTY,Wednesday,11-09-2016 00:00,15:30
160914747,FOUND PROPERTY,Wednesday,11-09-2016 00:00,13:40
160914935,FOUND PROPERTY,Wednesday,11-09-2016 00:00,23:43
160917434,FOUND PROPERTY,Thursday,11-10-2016 00:00,21:49
160917876,FOUND PROPERTY,Thursday,11-10-2016 00:00,23:30
160918307,FOUND PROPERTY,Thursday,11-10-2016 00:00,16:27
160918391,FOUND PROPERTY,Friday,11-11-2016 00:00,07:12
160918620,FOUND PROPERTY,Friday,11-11-2016 00:00,10:14
160918642,FOUND PROPERTY,Friday,11-11-2016 00:00,08:20
160918727,FOUND PROPERTY,Friday,11-11-2016 00:00,10:56
160919424,FOUND PROPERTY,Friday,11-11-2016 00:00,12:30
160919628,FOUND PROPERTY,Friday,11-11-2016 00:00,17:01
160919731,FOUND PROPERTY,Friday,11-11-2016 00:00,16:54
160919797,FOUND PROPERTY,Friday,11-11-2016 00:00,17:47
160920277,FOUND PROPERTY,Friday,10/28/2016 12:00:00 AM,08:00
160921639,FOUND PROPERTY,Saturday,11-12-2016 00:00,08:50
160921689,FOUND PROPERTY,Saturday,11-12-2016 00:00,10:35
160922217,FOUND PROPERTY,Saturday,11-12-2016 00:00,08:00
160922392,FOUND PROPERTY,Saturday,11-12-2016 00:00,14:45
160922778,FOUND PROPERTY,Saturday,11-12-2016 00:00,16:15
160923174,FOUND PROPERTY,Friday,11-11-2016 00:00,12:17
160923390,FOUND PROPERTY,Saturday,11-12-2016 00:00,21:30
160924235,FOUND PROPERTY,Sunday,11/13/2016 12:00:00 AM,08:00
160924508,FOUND PROPERTY,Thursday,11-10-2016 00:00,14:20
160924520,FOUND PROPERTY,Sunday,11/13/2016 12:00:00 AM,10:00
160924564,FOUND PROPERTY,Sunday,11/13/2016 12:00:00 AM,11:00
160458513,FOUND PROPERTY,Saturday,06-04-2016 00:00,15:00
160924570,FOUND PROPERTY,Sunday,11/13/2016 12:00:00 AM,10:30
160925625,FOUND PROPERTY,Sunday,11/13/2016 12:00:00 AM,16:00
160925885,FOUND PROPERTY,Sunday,11/13/2016 12:00:00 AM,17:28
160925960,FOUND PROPERTY,Sunday,11/13/2016 12:00:00 AM,15:00
160926203,FOUND PROPERTY,Saturday,11-12-2016 00:00,17:00
160926504,FOUND PROPERTY,Monday,11/14/2016 12:00:00 AM,06:30
160927687,FOUND PROPERTY,Monday,11/14/2016 12:00:00 AM,14:51
160927853,FOUND PROPERTY,Monday,11/14/2016 12:00:00 AM,15:30
160928334,FOUND PROPERTY,Saturday,10-08-2016 00:00,08:30
160928986,FOUND PROPERTY,Monday,11/14/2016 12:00:00 AM,20:00
160929166,FOUND PROPERTY,Sunday,11/13/2016 12:00:00 AM,11:00
160929310,FOUND PROPERTY,Monday,11/14/2016 12:00:00 AM,12:00
160929489,FOUND PROPERTY,Tuesday,11/15/2016 12:00:00 AM,08:00
160930389,FOUND PROPERTY,Tuesday,11/15/2016 12:00:00 AM,12:02
160930464,FOUND PROPERTY,Tuesday,11/15/2016 12:00:00 AM,11:20
160459630,FOUND PROPERTY,Sunday,06-05-2016 00:00,20:00
160932329,FOUND PROPERTY,Wednesday,11/16/2016 12:00:00 AM,03:57
160620007,FOUND PROPERTY,Monday,08-01-2016 00:00,15:30
160935179,FOUND PROPERTY,Wednesday,11/16/2016 12:00:00 AM,22:01
160935185,FOUND PROPERTY,Wednesday,11/16/2016 12:00:00 AM,17:25
160936199,FOUND PROPERTY,Thursday,11/17/2016 12:00:00 AM,09:46
160936638,FOUND PROPERTY,Thursday,11/17/2016 12:00:00 AM,10:00
160936644,FOUND PROPERTY,Thursday,11/17/2016 12:00:00 AM,12:05
160936810,FOUND PROPERTY,Thursday,11/17/2016 12:00:00 AM,11:40
160936860,FOUND PROPERTY,Thursday,11/17/2016 12:00:00 AM,12:23
160937056,FOUND PROPERTY,Thursday,11/17/2016 12:00:00 AM,14:00
160937567,FOUND PROPERTY,Wednesday,11/16/2016 12:00:00 AM,16:05
160937993,FOUND PROPERTY,Thursday,11/17/2016 12:00:00 AM,20:16
160938026,FOUND PROPERTY,Thursday,11/17/2016 12:00:00 AM,13:00
160938430,FOUND PROPERTY,Thursday,11/17/2016 12:00:00 AM,21:45
160938496,FOUND PROPERTY,Thursday,11/17/2016 12:00:00 AM,21:09
160939579,FOUND PROPERTY,Friday,11/18/2016 12:00:00 AM,10:30
160939626,FOUND PROPERTY,Friday,11/18/2016 12:00:00 AM,09:00
160460643,FOUND PROPERTY,Monday,05/16/2016 12:00:00 AM,16:00
160940695,FOUND PROPERTY,Friday,11/18/2016 12:00:00 AM,15:00
160942055,FOUND PROPERTY,Friday,11/18/2016 12:00:00 AM,09:00
160942287,FOUND PROPERTY,Friday,11/18/2016 12:00:00 AM,15:50
160942889,FOUND PROPERTY,Saturday,11/19/2016 12:00:00 AM,01:45
160942964,FOUND PROPERTY,Saturday,11/19/2016 12:00:00 AM,10:30
160943354,FOUND PROPERTY,Saturday,11/19/2016 12:00:00 AM,07:30
160943990,FOUND PROPERTY,Saturday,11/19/2016 12:00:00 AM,19:46
160944205,FOUND PROPERTY,Saturday,11/19/2016 12:00:00 AM,19:15
160461754,FOUND PROPERTY,Monday,06-06-2016 00:00,16:05
160944700,FOUND PROPERTY,Saturday,11/19/2016 12:00:00 AM,23:30
160945128,FOUND PROPERTY,Sunday,11/20/2016 12:00:00 AM,08:07
160945441,FOUND PROPERTY,Sunday,11/20/2016 12:00:00 AM,11:00
160462558,FOUND PROPERTY,Friday,06-03-2016 00:00,18:00
160946182,FOUND PROPERTY,Sunday,11/20/2016 12:00:00 AM,16:42
160946251,FOUND PROPERTY,Sunday,11/20/2016 12:00:00 AM,15:50
160946671,FOUND PROPERTY,Sunday,11/20/2016 12:00:00 AM,20:32
160946734,FOUND PROPERTY,Sunday,11/20/2016 12:00:00 AM,21:00
160946853,FOUND PROPERTY,Sunday,11/20/2016 12:00:00 AM,18:20
160947425,FOUND PROPERTY,Monday,11/21/2016 12:00:00 AM,08:15
160948536,FOUND PROPERTY,Monday,11/21/2016 12:00:00 AM,14:55
160948649,FOUND PROPERTY,Monday,11/21/2016 12:00:00 AM,15:20
160948859,FOUND PROPERTY,Sunday,11/20/2016 12:00:00 AM,17:00
160948906,FOUND PROPERTY,Sunday,11/20/2016 12:00:00 AM,16:00
160949318,FOUND PROPERTY,Monday,11/21/2016 12:00:00 AM,16:32
160950387,FOUND PROPERTY,Saturday,11/19/2016 12:00:00 AM,11:00
160950406,FOUND PROPERTY,Sunday,08-07-2016 00:00,14:08
160950440,FOUND PROPERTY,Sunday,09/25/2016 12:00:00 AM,00:05
160951404,FOUND PROPERTY,Tuesday,11/22/2016 12:00:00 AM,11:47
160951620,FOUND PROPERTY,Tuesday,11/22/2016 12:00:00 AM,13:10
160951727,FOUND PROPERTY,Tuesday,11/22/2016 12:00:00 AM,13:24
160952355,FOUND PROPERTY,Sunday,10/30/2016 12:00:00 AM,09:00
160953002,FOUND PROPERTY,Tuesday,11/22/2016 12:00:00 AM,16:00
160953400,FOUND PROPERTY,Wednesday,11/23/2016 12:00:00 AM,00:02
160953610,FOUND PROPERTY,Tuesday,11/22/2016 12:00:00 AM,11:00
160953626,FOUND PROPERTY,Wednesday,11/23/2016 12:00:00 AM,06:00
160953745,FOUND PROPERTY,Tuesday,11/22/2016 12:00:00 AM,12:00
160953820,FOUND PROPERTY,Tuesday,11/22/2016 12:00:00 AM,14:15
160954323,FOUND PROPERTY,Wednesday,11/23/2016 12:00:00 AM,11:55
160954583,FOUND PROPERTY,Wednesday,11/23/2016 12:00:00 AM,13:37
160954765,FOUND PROPERTY,Wednesday,11/23/2016 12:00:00 AM,13:55
160955127,FOUND PROPERTY,Wednesday,11/23/2016 12:00:00 AM,16:41
160955230,FOUND PROPERTY,Wednesday,11/23/2016 12:00:00 AM,16:00
160956062,FOUND PROPERTY,Wednesday,11/23/2016 12:00:00 AM,21:51
160956294,FOUND PROPERTY,Thursday,11/24/2016 12:00:00 AM,01:27
160956749,FOUND PROPERTY,Thursday,11/24/2016 12:00:00 AM,10:53
160956818,FOUND PROPERTY,Thursday,11/24/2016 12:00:00 AM,07:38
160956880,FOUND PROPERTY,Thursday,11/24/2016 12:00:00 AM,11:00
160957117,FOUND PROPERTY,Wednesday,11/23/2016 12:00:00 AM,22:00
160957424,FOUND PROPERTY,Thursday,11/24/2016 12:00:00 AM,15:30
160957888,FOUND PROPERTY,Thursday,11/24/2016 12:00:00 AM,19:57
160958325,FOUND PROPERTY,Friday,11/25/2016 12:00:00 AM,00:23
160958541,FOUND PROPERTY,Friday,11/25/2016 12:00:00 AM,07:19
160464253,FOUND PROPERTY,Tuesday,06-07-2016 00:00,10:19
160958795,FOUND PROPERTY,Friday,11/18/2016 12:00:00 AM,08:00
160960013,FOUND PROPERTY,Friday,11/25/2016 12:00:00 AM,17:35
160960126,FOUND PROPERTY,Friday,11/25/2016 12:00:00 AM,16:00
160960320,FOUND PROPERTY,Friday,11/25/2016 12:00:00 AM,11:15
160960897,FOUND PROPERTY,Friday,11/25/2016 12:00:00 AM,20:51
160961390,FOUND PROPERTY,Friday,11/25/2016 12:00:00 AM,19:30
160961964,FOUND PROPERTY,Friday,11/25/2016 12:00:00 AM,17:00
160963512,FOUND PROPERTY,Saturday,11/26/2016 12:00:00 AM,23:47
160964980,FOUND PROPERTY,Sunday,11/27/2016 12:00:00 AM,10:30
160965370,FOUND PROPERTY,Sunday,11/27/2016 12:00:00 AM,16:40
160966130,FOUND PROPERTY,Saturday,11/26/2016 12:00:00 AM,13:00
160966817,FOUND PROPERTY,Monday,11/28/2016 12:00:00 AM,06:40
160967207,FOUND PROPERTY,Monday,11/28/2016 12:00:00 AM,10:00
160465881,FOUND PROPERTY,Tuesday,06-07-2016 00:00,18:25
160967746,FOUND PROPERTY,Monday,11/28/2016 12:00:00 AM,12:00
160967796,FOUND PROPERTY,Thursday,11/24/2016 12:00:00 AM,21:00
160967887,FOUND PROPERTY,Monday,11/28/2016 12:00:00 AM,14:26
160968120,FOUND PROPERTY,Monday,11/28/2016 12:00:00 AM,12:15
160968669,FOUND PROPERTY,Monday,11/28/2016 12:00:00 AM,16:00
160969695,FOUND PROPERTY,Saturday,11/26/2016 12:00:00 AM,13:30
160969946,FOUND PROPERTY,Thursday,11/24/2016 12:00:00 AM,11:00
160970589,FOUND PROPERTY,Friday,11/25/2016 12:00:00 AM,12:00
160970658,FOUND PROPERTY,Tuesday,11/29/2016 12:00:00 AM,06:00
160970692,FOUND PROPERTY,Tuesday,11/29/2016 12:00:00 AM,12:05
160970824,FOUND PROPERTY,Tuesday,11/29/2016 12:00:00 AM,13:20
160970830,FOUND PROPERTY,Tuesday,11/29/2016 12:00:00 AM,13:25
160971446,FOUND PROPERTY,Tuesday,10/18/2016 12:00:00 AM,11:00
160972002,FOUND PROPERTY,Sunday,11/27/2016 12:00:00 AM,22:00
160972488,FOUND PROPERTY,Tuesday,11/29/2016 12:00:00 AM,21:03
160972579,FOUND PROPERTY,Tuesday,11/29/2016 12:00:00 AM,20:00
160972911,FOUND PROPERTY,Wednesday,11/30/2016 12:00:00 AM,00:34
160972983,FOUND PROPERTY,Saturday,11/26/2016 12:00:00 AM,18:00
160973947,FOUND PROPERTY,Wednesday,11/30/2016 12:00:00 AM,11:31
160466776,FOUND PROPERTY,Tuesday,06-07-2016 00:00,08:00
160466798,FOUND PROPERTY,Wednesday,06-08-2016 00:00,12:00
160974434,FOUND PROPERTY,Wednesday,11/30/2016 12:00:00 AM,17:30
160974575,FOUND PROPERTY,Friday,11/25/2016 12:00:00 AM,02:14
160974694,FOUND PROPERTY,Wednesday,11/30/2016 12:00:00 AM,19:19
160975084,FOUND PROPERTY,Wednesday,11/30/2016 12:00:00 AM,17:45
160975705,FOUND PROPERTY,Thursday,12-01-2016 00:00,06:00
160977018,FOUND PROPERTY,Thursday,12-01-2016 00:00,15:19
160977905,FOUND PROPERTY,Thursday,12-01-2016 00:00,17:45
160978414,FOUND PROPERTY,Thursday,12-01-2016 00:00,16:40
160978743,FOUND PROPERTY,Friday,12-02-2016 00:00,00:30
160979359,FOUND PROPERTY,Friday,12-02-2016 00:00,00:01
160980168,FOUND PROPERTY,Friday,12-02-2016 00:00,13:45
160980362,FOUND PROPERTY,Friday,12-02-2016 00:00,16:30
160980497,FOUND PROPERTY,Friday,12-02-2016 00:00,15:30
160980817,FOUND PROPERTY,Thursday,12-01-2016 00:00,20:00
160981122,FOUND PROPERTY,Friday,12-02-2016 00:00,18:00
160981702,FOUND PROPERTY,Saturday,12-03-2016 00:00,07:00
160981912,FOUND PROPERTY,Saturday,12-03-2016 00:00,09:30
160982443,FOUND PROPERTY,Saturday,12-03-2016 00:00,12:27
160982556,FOUND PROPERTY,Saturday,12-03-2016 00:00,10:00
160982700,FOUND PROPERTY,Saturday,12-03-2016 00:00,15:43
160983178,FOUND PROPERTY,Friday,12-02-2016 00:00,13:12
160983316,FOUND PROPERTY,Saturday,12-03-2016 00:00,16:00
160983344,FOUND PROPERTY,Saturday,12-03-2016 00:00,19:15
160983689,FOUND PROPERTY,Saturday,12-03-2016 00:00,22:19
160983736,FOUND PROPERTY,Saturday,12-03-2016 00:00,21:00
160984091,FOUND PROPERTY,Sunday,12-04-2016 00:00,04:06
160984370,FOUND PROPERTY,Sunday,12-04-2016 00:00,08:43
160984568,FOUND PROPERTY,Sunday,12-04-2016 00:00,10:26
160984574,FOUND PROPERTY,Sunday,12-04-2016 00:00,07:44
160985168,FOUND PROPERTY,Friday,12-02-2016 00:00,19:00
160985403,FOUND PROPERTY,Sunday,12-04-2016 00:00,15:30
160985572,FOUND PROPERTY,Thursday,12-01-2016 00:00,17:00
160986100,FOUND PROPERTY,Sunday,12-04-2016 00:00,17:00
160986376,FOUND PROPERTY,Sunday,12-04-2016 00:00,22:00
160986445,FOUND PROPERTY,Sunday,12-04-2016 00:00,22:05
160986592,FOUND PROPERTY,Sunday,12-04-2016 00:00,20:00
160986956,FOUND PROPERTY,Saturday,12-03-2016 00:00,21:30
160987352,FOUND PROPERTY,Monday,12-05-2016 00:00,07:00
160987415,FOUND PROPERTY,Monday,12-05-2016 00:00,11:00
160988093,FOUND PROPERTY,Monday,12-05-2016 00:00,15:15
160988924,FOUND PROPERTY,Monday,12-05-2016 00:00,19:25
160989411,FOUND PROPERTY,Friday,12-02-2016 00:00,16:30
160990349,FOUND PROPERTY,Sunday,12-04-2016 00:00,12:00
160990480,FOUND PROPERTY,Tuesday,11/29/2016 12:00:00 AM,18:20
160991278,FOUND PROPERTY,Tuesday,12-06-2016 00:00,16:26
160991319,FOUND PROPERTY,Tuesday,12-06-2016 00:00,16:44
160991438,FOUND PROPERTY,Tuesday,12-06-2016 00:00,16:37
160468998,FOUND PROPERTY,Thursday,06-09-2016 00:00,09:00
160469037,FOUND PROPERTY,Thursday,06-09-2016 00:00,10:00
160991842,FOUND PROPERTY,Tuesday,12-06-2016 00:00,18:00
160992135,FOUND PROPERTY,Tuesday,12-06-2016 00:00,21:01
160992436,FOUND PROPERTY,Tuesday,12-06-2016 00:00,21:00
160992793,FOUND PROPERTY,Wednesday,12-07-2016 00:00,06:00
160993393,FOUND PROPERTY,Wednesday,12-07-2016 00:00,12:43
160993763,FOUND PROPERTY,Wednesday,12-07-2016 00:00,14:21
160993826,FOUND PROPERTY,Wednesday,12-07-2016 00:00,10:45
160995060,FOUND PROPERTY,Wednesday,12-07-2016 00:00,22:00
160995349,FOUND PROPERTY,Wednesday,12-07-2016 00:00,07:30
160469764,FOUND PROPERTY,Thursday,06-09-2016 00:00,12:24
160469770,FOUND PROPERTY,Monday,06-06-2016 00:00,12:00
160469805,FOUND PROPERTY,Thursday,06-09-2016 00:00,13:00
160996739,FOUND PROPERTY,Thursday,12-08-2016 00:00,15:00
160997204,FOUND PROPERTY,Monday,11/28/2016 12:00:00 AM,16:45
160997652,FOUND PROPERTY,Thursday,12-08-2016 00:00,20:30
160998735,FOUND PROPERTY,Friday,12-09-2016 00:00,09:46
160999040,FOUND PROPERTY,Wednesday,11/30/2016 12:00:00 AM,15:00
161000230,FOUND PROPERTY,Friday,12-09-2016 00:00,18:30
161000694,FOUND PROPERTY,Friday,12-09-2016 00:00,21:39
161002242,FOUND PROPERTY,Saturday,12-10-2016 00:00,13:45
161002509,FOUND PROPERTY,Saturday,12-10-2016 00:00,16:10
161002703,FOUND PROPERTY,Saturday,12-10-2016 00:00,16:00
161002894,FOUND PROPERTY,Saturday,12-10-2016 00:00,06:50
161003325,FOUND PROPERTY,Saturday,12-10-2016 00:00,13:51
161003381,FOUND PROPERTY,Saturday,12-10-2016 00:00,22:42
161004088,FOUND PROPERTY,Saturday,12-10-2016 00:00,23:30
161005860,FOUND PROPERTY,Sunday,12-11-2016 00:00,18:45
161006040,FOUND PROPERTY,Sunday,12-11-2016 00:00,19:36
161006222,FOUND PROPERTY,Friday,12-09-2016 00:00,21:28
161006391,FOUND PROPERTY,Sunday,12-11-2016 00:00,20:30
161006432,FOUND PROPERTY,Sunday,12-11-2016 00:00,22:44
161006937,FOUND PROPERTY,Monday,12-12-2016 00:00,08:45
161008228,FOUND PROPERTY,Monday,12-12-2016 00:00,14:30
161009157,FOUND PROPERTY,Monday,12-12-2016 00:00,09:15
160470959,FOUND PROPERTY,Thursday,06-09-2016 00:00,21:10
161009389,FOUND PROPERTY,Monday,12-12-2016 00:00,20:00
161010029,FOUND PROPERTY,Tuesday,12/13/2016 12:00:00 AM,07:00
161010251,FOUND PROPERTY,Tuesday,12/13/2016 12:00:00 AM,09:35
161010370,FOUND PROPERTY,Tuesday,12/13/2016 12:00:00 AM,06:00
161010392,FOUND PROPERTY,Tuesday,12/13/2016 12:00:00 AM,06:00
161010897,FOUND PROPERTY,Monday,12-12-2016 00:00,15:25
161012871,FOUND PROPERTY,Wednesday,12/14/2016 12:00:00 AM,06:00
161013459,FOUND PROPERTY,Wednesday,12/14/2016 12:00:00 AM,08:00
161014269,FOUND PROPERTY,Sunday,12-11-2016 00:00,15:00
161014673,FOUND PROPERTY,Wednesday,12-07-2016 00:00,19:00
161014770,FOUND PROPERTY,Wednesday,12/14/2016 12:00:00 AM,14:10
161014968,FOUND PROPERTY,Wednesday,12/14/2016 12:00:00 AM,14:25
161015057,FOUND PROPERTY,Wednesday,12/14/2016 12:00:00 AM,17:56
161015621,FOUND PROPERTY,Wednesday,12/14/2016 12:00:00 AM,17:00
161015734,FOUND PROPERTY,Wednesday,12/14/2016 12:00:00 AM,22:08
161015988,FOUND PROPERTY,Wednesday,12/14/2016 12:00:00 AM,22:00
161016538,FOUND PROPERTY,Thursday,12/15/2016 12:00:00 AM,08:48
161017031,FOUND PROPERTY,Thursday,12/15/2016 12:00:00 AM,12:21
161017138,FOUND PROPERTY,Thursday,12/15/2016 12:00:00 AM,11:47
161018136,FOUND PROPERTY,Thursday,12/15/2016 12:00:00 AM,18:10
161018409,FOUND PROPERTY,Thursday,12/15/2016 12:00:00 AM,13:52
161019269,FOUND PROPERTY,Friday,12/16/2016 12:00:00 AM,06:00
161020119,FOUND PROPERTY,Friday,12/16/2016 12:00:00 AM,10:00
161020222,FOUND PROPERTY,Friday,12/16/2016 12:00:00 AM,12:00
161020460,FOUND PROPERTY,Friday,12/16/2016 12:00:00 AM,12:51
161020727,FOUND PROPERTY,Friday,12/16/2016 12:00:00 AM,15:15
161020749,FOUND PROPERTY,Friday,12/16/2016 12:00:00 AM,11:00
161020921,FOUND PROPERTY,Friday,12/16/2016 12:00:00 AM,13:00
161021888,FOUND PROPERTY,Friday,12/16/2016 12:00:00 AM,14:30
161022046,FOUND PROPERTY,Friday,12/16/2016 12:00:00 AM,15:15
161022262,FOUND PROPERTY,Friday,12/16/2016 12:00:00 AM,20:14
161022626,FOUND PROPERTY,Friday,12/16/2016 12:00:00 AM,10:30
161023787,FOUND PROPERTY,Saturday,12/17/2016 12:00:00 AM,13:00
160000233,FOUND PROPERTY,Friday,01-01-2016 00:00,01:00
161024111,FOUND PROPERTY,Saturday,12/17/2016 12:00:00 AM,12:00
161024246,FOUND PROPERTY,Saturday,12/17/2016 12:00:00 AM,17:30
161024462,FOUND PROPERTY,Saturday,12/17/2016 12:00:00 AM,13:30
161024575,FOUND PROPERTY,Saturday,12/17/2016 12:00:00 AM,14:00
161025250,FOUND PROPERTY,Saturday,12/17/2016 12:00:00 AM,10:46
161025686,FOUND PROPERTY,Sunday,12/18/2016 12:00:00 AM,10:00
161025711,FOUND PROPERTY,Sunday,12/18/2016 12:00:00 AM,07:45
161025755,FOUND PROPERTY,Sunday,12/18/2016 12:00:00 AM,09:00
161025783,FOUND PROPERTY,Sunday,12/18/2016 12:00:00 AM,10:55
161025852,FOUND PROPERTY,Sunday,12/18/2016 12:00:00 AM,11:38
161026270,FOUND PROPERTY,Sunday,12/18/2016 12:00:00 AM,12:45
161026402,FOUND PROPERTY,Sunday,12/18/2016 12:00:00 AM,13:00
161026662,FOUND PROPERTY,Sunday,12/18/2016 12:00:00 AM,15:57
161027579,FOUND PROPERTY,Sunday,12/18/2016 12:00:00 AM,16:00
161027858,FOUND PROPERTY,Monday,12/19/2016 12:00:00 AM,05:00
160001601,FOUND PROPERTY,Friday,01-01-2016 00:00,13:36
161030663,FOUND PROPERTY,Monday,12/19/2016 12:00:00 AM,18:40
161030748,FOUND PROPERTY,Sunday,12/18/2016 12:00:00 AM,23:30
161031348,FOUND PROPERTY,Tuesday,12/20/2016 12:00:00 AM,10:00
161031887,FOUND PROPERTY,Wednesday,12/14/2016 12:00:00 AM,07:00
161032001,FOUND PROPERTY,Tuesday,12/20/2016 12:00:00 AM,14:00
161032205,FOUND PROPERTY,Tuesday,12/20/2016 12:00:00 AM,15:15
161033388,FOUND PROPERTY,Tuesday,12/20/2016 12:00:00 AM,18:30
161033457,FOUND PROPERTY,Monday,12/19/2016 12:00:00 AM,14:30
161034007,FOUND PROPERTY,Wednesday,12/21/2016 12:00:00 AM,01:54
161034013,FOUND PROPERTY,Tuesday,12/20/2016 12:00:00 AM,23:25
160515157,FOUND PROPERTY,Friday,06/24/2016 12:00:00 AM,16:00
161034320,FOUND PROPERTY,Sunday,12/18/2016 12:00:00 AM,09:00
161034574,FOUND PROPERTY,Wednesday,12/21/2016 12:00:00 AM,12:45
160472836,FOUND PROPERTY,Friday,06-10-2016 00:00,07:45
161034784,FOUND PROPERTY,Wednesday,12/21/2016 12:00:00 AM,10:30
161034950,FOUND PROPERTY,Wednesday,12/21/2016 12:00:00 AM,08:00
161035027,FOUND PROPERTY,Wednesday,12/21/2016 12:00:00 AM,13:12
161035544,FOUND PROPERTY,Wednesday,12/21/2016 12:00:00 AM,11:12
161035936,FOUND PROPERTY,Tuesday,12/20/2016 12:00:00 AM,19:00
161036473,FOUND PROPERTY,Wednesday,12/21/2016 12:00:00 AM,16:42
161036702,FOUND PROPERTY,Wednesday,12/14/2016 12:00:00 AM,21:30
161037556,FOUND PROPERTY,Thursday,12/22/2016 12:00:00 AM,08:29
161037932,FOUND PROPERTY,Thursday,12/22/2016 12:00:00 AM,12:07
161038112,FOUND PROPERTY,Thursday,12/22/2016 12:00:00 AM,12:45
161038140,FOUND PROPERTY,Thursday,12/22/2016 12:00:00 AM,12:40
161038980,FOUND PROPERTY,Thursday,12/22/2016 12:00:00 AM,17:13
161040559,FOUND PROPERTY,Thursday,12/22/2016 12:00:00 AM,16:30
161040753,FOUND PROPERTY,Wednesday,12/21/2016 12:00:00 AM,08:00
161040935,FOUND PROPERTY,Friday,12/23/2016 12:00:00 AM,12:15
160003077,FOUND PROPERTY,Saturday,01-02-2016 00:00,00:10
161042630,FOUND PROPERTY,Friday,12/23/2016 12:00:00 AM,22:05
161042759,FOUND PROPERTY,Friday,12/23/2016 12:00:00 AM,22:45
161042834,FOUND PROPERTY,Friday,12/23/2016 12:00:00 AM,22:33
161043092,FOUND PROPERTY,Friday,12/23/2016 12:00:00 AM,14:00
161043246,FOUND PROPERTY,Saturday,12/24/2016 12:00:00 AM,07:30
161043274,FOUND PROPERTY,Friday,12/23/2016 12:00:00 AM,22:00
161043882,FOUND PROPERTY,Saturday,12/24/2016 12:00:00 AM,12:00
161044034,FOUND PROPERTY,Saturday,12/24/2016 12:00:00 AM,12:40
161044288,FOUND PROPERTY,Saturday,12/24/2016 12:00:00 AM,15:30
161044363,FOUND PROPERTY,Saturday,12/24/2016 12:00:00 AM,17:00
161044404,FOUND PROPERTY,Saturday,12/24/2016 12:00:00 AM,17:39
161045098,FOUND PROPERTY,Friday,12/23/2016 12:00:00 AM,12:00
161045559,FOUND PROPERTY,Sunday,12/25/2016 12:00:00 AM,08:53
161045913,FOUND PROPERTY,Sunday,12/25/2016 12:00:00 AM,10:30
161046115,FOUND PROPERTY,Sunday,12/25/2016 12:00:00 AM,09:30
160474036,FOUND PROPERTY,Friday,06-10-2016 00:00,19:10
161046626,FOUND PROPERTY,Sunday,12/25/2016 12:00:00 AM,22:17
161046632,FOUND PROPERTY,Sunday,12/25/2016 12:00:00 AM,19:30
161046648,FOUND PROPERTY,Sunday,12/25/2016 12:00:00 AM,22:53
161046892,FOUND PROPERTY,Sunday,12/25/2016 12:00:00 AM,23:15
161046977,FOUND PROPERTY,Monday,12/26/2016 12:00:00 AM,00:45
161047652,FOUND PROPERTY,Saturday,12/24/2016 12:00:00 AM,22:00
161048105,FOUND PROPERTY,Monday,12/26/2016 12:00:00 AM,14:45
161048553,FOUND PROPERTY,Monday,12/26/2016 12:00:00 AM,16:30
161049658,FOUND PROPERTY,Tuesday,12/27/2016 12:00:00 AM,09:00
161049733,FOUND PROPERTY,Tuesday,12/27/2016 12:00:00 AM,10:05
161050116,FOUND PROPERTY,Tuesday,12/27/2016 12:00:00 AM,11:15
161050489,FOUND PROPERTY,Tuesday,12/27/2016 12:00:00 AM,14:26
161050780,FOUND PROPERTY,Tuesday,12/27/2016 12:00:00 AM,13:45
161050871,FOUND PROPERTY,Saturday,12/24/2016 12:00:00 AM,11:00
161051380,FOUND PROPERTY,Tuesday,12/27/2016 12:00:00 AM,14:30
161051512,FOUND PROPERTY,Tuesday,12/27/2016 12:00:00 AM,20:08
161051976,FOUND PROPERTY,Tuesday,12/27/2016 12:00:00 AM,23:37
161052651,FOUND PROPERTY,Wednesday,12/28/2016 12:00:00 AM,09:30
161052720,FOUND PROPERTY,Wednesday,12/28/2016 12:00:00 AM,06:00
161052792,FOUND PROPERTY,Wednesday,12/28/2016 12:00:00 AM,11:00
161053029,FOUND PROPERTY,Friday,12-02-2016 00:00,08:00
160004285,FOUND PROPERTY,Saturday,01-02-2016 00:00,11:40
161054992,FOUND PROPERTY,Wednesday,12/28/2016 12:00:00 AM,18:00
161055194,FOUND PROPERTY,Wednesday,12/28/2016 12:00:00 AM,01:00
161055439,FOUND PROPERTY,Thursday,12/29/2016 12:00:00 AM,07:00
161056512,FOUND PROPERTY,Friday,12/23/2016 12:00:00 AM,12:00
161057059,FOUND PROPERTY,Thursday,12/29/2016 12:00:00 AM,15:40
161057413,FOUND PROPERTY,Thursday,12/29/2016 12:00:00 AM,16:00
161057479,FOUND PROPERTY,Thursday,12/29/2016 12:00:00 AM,16:00
161057811,FOUND PROPERTY,Thursday,12/29/2016 12:00:00 AM,17:00
161058148,FOUND PROPERTY,Thursday,12/29/2016 12:00:00 AM,17:05
161058615,FOUND PROPERTY,Friday,12/30/2016 12:00:00 AM,07:48
161058784,FOUND PROPERTY,Friday,12/30/2016 12:00:00 AM,09:33
161059271,FOUND PROPERTY,Friday,12/30/2016 12:00:00 AM,08:50
161059328,FOUND PROPERTY,Thursday,12/29/2016 12:00:00 AM,19:00
161059378,FOUND PROPERTY,Friday,12/30/2016 12:00:00 AM,10:30
161059390,FOUND PROPERTY,Friday,12/30/2016 12:00:00 AM,12:45
161059475,FOUND PROPERTY,Friday,12/30/2016 12:00:00 AM,13:00
161059538,FOUND PROPERTY,Friday,12/30/2016 12:00:00 AM,13:35
161061981,FOUND PROPERTY,Saturday,12/31/2016 12:00:00 AM,10:11
161062440,FOUND PROPERTY,Saturday,12/31/2016 12:00:00 AM,11:00
161062644,FOUND PROPERTY,Saturday,12/31/2016 12:00:00 AM,09:35
161062923,FOUND PROPERTY,Friday,12/30/2016 12:00:00 AM,16:55
161063153,FOUND PROPERTY,Thursday,12/29/2016 12:00:00 AM,16:21
161063200,FOUND PROPERTY,Saturday,12/31/2016 12:00:00 AM,08:15
161063777,FOUND PROPERTY,Saturday,12/31/2016 12:00:00 AM,17:50
166002582,FOUND PROPERTY,Sunday,01-03-2016 00:00,11:00
160475056,FOUND PROPERTY,Saturday,06-11-2016 00:00,13:00
160475993,FOUND PROPERTY,Saturday,06-11-2016 00:00,14:00
160476377,FOUND PROPERTY,Saturday,06-11-2016 00:00,21:30
160476446,FOUND PROPERTY,Saturday,06-11-2016 00:00,21:00
166030787,FOUND PROPERTY,Saturday,02-06-2016 00:00,11:15
160006247,FOUND PROPERTY,Saturday,01-02-2016 00:00,18:30
160006253,FOUND PROPERTY,Sunday,01-03-2016 00:00,10:00
160477256,FOUND PROPERTY,Sunday,06-12-2016 00:00,01:00
160007455,FOUND PROPERTY,Sunday,01-03-2016 00:00,16:45
160007762,FOUND PROPERTY,Sunday,01-03-2016 00:00,17:30
160478044,FOUND PROPERTY,Sunday,06-12-2016 00:00,12:00
160008061,FOUND PROPERTY,Monday,01-04-2016 00:00,06:00
160478254,FOUND PROPERTY,Sunday,06-12-2016 00:00,16:30
160478339,FOUND PROPERTY,Sunday,06-12-2016 00:00,15:30
166058290,FOUND PROPERTY,Thursday,03-10-2016 00:00,13:00
166060110,FOUND PROPERTY,Friday,03-04-2016 00:00,16:45
160174349,FOUND PROPERTY,Sunday,02/28/2016 12:00:00 AM,12:30
160478624,FOUND PROPERTY,Sunday,06-12-2016 00:00,16:30
166062956,FOUND PROPERTY,Friday,03-11-2016 00:00,17:00
160479644,FOUND PROPERTY,Monday,06/13/2016 12:00:00 AM,08:40
160480419,FOUND PROPERTY,Monday,06/13/2016 12:00:00 AM,09:13
160481310,FOUND PROPERTY,Monday,06/13/2016 12:00:00 AM,17:00
160481859,FOUND PROPERTY,Monday,06/13/2016 12:00:00 AM,14:55
160484148,FOUND PROPERTY,Tuesday,06/14/2016 12:00:00 AM,17:23
166125946,FOUND PROPERTY,Saturday,06-04-2016 00:00,23:00
166126427,FOUND PROPERTY,Sunday,06-05-2016 00:00,20:40
166126546,FOUND PROPERTY,Saturday,06-04-2016 00:00,23:30
166137775,FOUND PROPERTY,Saturday,06/18/2016 12:00:00 AM,19:30
160485851,FOUND PROPERTY,Wednesday,06/15/2016 12:00:00 AM,12:45
160017040,FOUND PROPERTY,Thursday,01-07-2016 00:00,09:11
166154553,FOUND PROPERTY,Monday,07-11-2016 00:00,12:00
160486360,FOUND PROPERTY,Tuesday,06/14/2016 12:00:00 AM,15:00
160486508,FOUND PROPERTY,Wednesday,06/15/2016 12:00:00 AM,12:23
166170559,FOUND PROPERTY,Friday,07/15/2016 12:00:00 AM,00:01
166170781,FOUND PROPERTY,Monday,08-01-2016 00:00,16:10
166179476,FOUND PROPERTY,Thursday,08-04-2016 00:00,13:00
160184229,FOUND PROPERTY,Wednesday,03-02-2016 00:00,21:30
160313569,FOUND PROPERTY,Saturday,04/16/2016 12:00:00 AM,18:25
160028069,FOUND PROPERTY,Monday,01-11-2016 00:00,09:05
160490048,FOUND PROPERTY,Thursday,06/16/2016 12:00:00 AM,14:56
160037991,FOUND PROPERTY,Thursday,01/14/2016 12:00:00 AM,09:30
166223186,FOUND PROPERTY,Wednesday,09/28/2016 12:00:00 AM,16:30
160045966,FOUND PROPERTY,Saturday,01/16/2016 12:00:00 AM,23:30
160061752,FOUND PROPERTY,Friday,01/22/2016 12:00:00 AM,09:00
166248811,FOUND PROPERTY,Friday,10/21/2016 12:00:00 AM,18:00
160025623,FOUND PROPERTY,Sunday,01-10-2016 00:00,09:48
160025736,FOUND PROPERTY,Saturday,01-09-2016 00:00,08:00
166262059,FOUND PROPERTY,Monday,10/31/2016 12:00:00 AM,08:00
160092343,FOUND PROPERTY,Monday,02-01-2016 00:00,00:45
160495292,FOUND PROPERTY,Saturday,06/18/2016 12:00:00 AM,14:00
160495311,FOUND PROPERTY,Friday,06/17/2016 12:00:00 AM,13:00
166291149,FOUND PROPERTY,Monday,12-12-2016 00:00,11:00
160104421,FOUND PROPERTY,Thursday,02-04-2016 00:00,18:59
160028655,FOUND PROPERTY,Monday,01-11-2016 00:00,13:05
160028809,FOUND PROPERTY,Friday,01-08-2016 00:00,12:20
160108003,FOUND PROPERTY,Friday,02-05-2016 00:00,14:00
170001221,FOUND PROPERTY,Tuesday,12/20/2016 12:00:00 AM,10:00
170002285,FOUND PROPERTY,Saturday,12/31/2016 12:00:00 AM,14:00
170002382,FOUND PROPERTY,Saturday,12/31/2016 12:00:00 AM,17:00
170005223,FOUND PROPERTY,Tuesday,12/27/2016 12:00:00 AM,12:00
170006293,FOUND PROPERTY,Saturday,12/31/2016 12:00:00 AM,18:00
160497630,FOUND PROPERTY,Sunday,06/19/2016 12:00:00 AM,11:10
160120734,FOUND PROPERTY,Wednesday,02-10-2016 00:00,08:00
160030268,FOUND PROPERTY,Monday,01-11-2016 00:00,23:14
160122906,FOUND PROPERTY,Wednesday,02-10-2016 00:00,16:00
160124504,FOUND PROPERTY,Thursday,02-04-2016 00:00,20:00
160128863,FOUND PROPERTY,Friday,02-12-2016 00:00,19:00
160130476,FOUND PROPERTY,Saturday,02/13/2016 12:00:00 AM,12:30
160499103,FOUND PROPERTY,Sunday,06/19/2016 12:00:00 AM,23:50
160130573,FOUND PROPERTY,Wednesday,02-03-2016 00:00,09:00
160031103,FOUND PROPERTY,Tuesday,01-12-2016 00:00,08:00
160031818,FOUND PROPERTY,Monday,01-04-2016 00:00,13:00
170053501,FOUND PROPERTY,Tuesday,01/19/2016 12:00:00 AM,19:00
170053852,FOUND PROPERTY,Saturday,12-10-2016 00:00,00:01
170055698,FOUND PROPERTY,Sunday,11/20/2016 12:00:00 AM,01:14
170056254,FOUND PROPERTY,Thursday,12/22/2016 12:00:00 AM,08:22
170056420,FOUND PROPERTY,Thursday,01/21/2016 12:00:00 AM,10:00
160149615,FOUND PROPERTY,Saturday,02/20/2016 12:00:00 AM,00:25
160157624,FOUND PROPERTY,Monday,02/22/2016 12:00:00 AM,19:00
160158860,FOUND PROPERTY,Saturday,02/20/2016 12:00:00 AM,19:00
160035600,FOUND PROPERTY,Wednesday,01/13/2016 12:00:00 AM,09:15
160035741,FOUND PROPERTY,Wednesday,01/13/2016 12:00:00 AM,16:43
160178006,FOUND PROPERTY,Sunday,02/28/2016 12:00:00 AM,18:00
160036313,FOUND PROPERTY,Wednesday,01/13/2016 12:00:00 AM,20:25
170123530,FOUND PROPERTY,Tuesday,12/13/2016 12:00:00 AM,17:43
160195492,FOUND PROPERTY,Sunday,03-06-2016 00:00,23:55
160506952,FOUND PROPERTY,Wednesday,06/22/2016 12:00:00 AM,18:17
160037167,FOUND PROPERTY,Thursday,01/14/2016 12:00:00 AM,06:30
160037286,FOUND PROPERTY,Thursday,01/14/2016 12:00:00 AM,07:30
160206889,FOUND PROPERTY,Tuesday,03-08-2016 00:00,23:00
160209902,FOUND PROPERTY,Friday,03-11-2016 00:00,15:30
160210523,FOUND PROPERTY,Saturday,03-12-2016 00:00,14:00
160210733,FOUND PROPERTY,Saturday,03-12-2016 00:00,16:42
160510630,FOUND PROPERTY,Friday,06/24/2016 12:00:00 AM,02:00
160510715,FOUND PROPERTY,Friday,06/24/2016 12:00:00 AM,04:20
160510765,FOUND PROPERTY,Friday,06/24/2016 12:00:00 AM,06:00
160222415,FOUND PROPERTY,Thursday,03/17/2016 12:00:00 AM,20:30
160039771,FOUND PROPERTY,Thursday,01/14/2016 12:00:00 AM,07:00
160227788,FOUND PROPERTY,Friday,03/18/2016 12:00:00 AM,14:30
160040091,FOUND PROPERTY,Friday,01/15/2016 12:00:00 AM,05:00
160040483,FOUND PROPERTY,Friday,01/15/2016 12:00:00 AM,09:49
160236278,FOUND PROPERTY,Sunday,03/20/2016 12:00:00 AM,15:00
160236820,FOUND PROPERTY,Monday,03/21/2016 12:00:00 AM,18:21
160557240,FOUND PROPERTY,Sunday,07-10-2016 00:00,15:00
160043857,FOUND PROPERTY,Saturday,01/16/2016 12:00:00 AM,11:00
160242491,FOUND PROPERTY,Wednesday,03/23/2016 12:00:00 AM,15:09
160251113,FOUND PROPERTY,Saturday,03/26/2016 12:00:00 AM,09:55
160254725,FOUND PROPERTY,Sunday,03/27/2016 12:00:00 AM,22:54
160518985,FOUND PROPERTY,Sunday,06/26/2016 12:00:00 AM,19:58
160258777,FOUND PROPERTY,Tuesday,03/22/2016 12:00:00 AM,19:00
160048186,FOUND PROPERTY,Sunday,01/17/2016 12:00:00 AM,18:00
160261918,FOUND PROPERTY,Wednesday,03/30/2016 12:00:00 AM,08:15
160266388,FOUND PROPERTY,Wednesday,03/30/2016 12:00:00 AM,09:30
160050755,FOUND PROPERTY,Sunday,01-03-2016 00:00,20:04
160051076,FOUND PROPERTY,Monday,01/18/2016 12:00:00 AM,21:00
160051082,FOUND PROPERTY,Monday,01/18/2016 12:00:00 AM,19:30
160268077,FOUND PROPERTY,Tuesday,03/29/2016 12:00:00 AM,21:35
160522754,FOUND PROPERTY,Monday,06/27/2016 12:00:00 AM,18:00
160273101,FOUND PROPERTY,Saturday,04-02-2016 00:00,22:00
160273719,FOUND PROPERTY,Sunday,04-03-2016 00:00,04:30
160056076,FOUND PROPERTY,Wednesday,01/20/2016 12:00:00 AM,13:30
160283069,FOUND PROPERTY,Wednesday,04-06-2016 00:00,06:00
160491660,FOUND PROPERTY,Friday,06/17/2016 12:00:00 AM,08:00
160492276,FOUND PROPERTY,Friday,06/17/2016 12:00:00 AM,13:08
160059149,FOUND PROPERTY,Thursday,01/21/2016 12:00:00 AM,08:30
160059569,FOUND PROPERTY,Thursday,01/21/2016 12:00:00 AM,15:10
160289700,FOUND PROPERTY,Friday,04-08-2016 00:00,14:00
160290280,FOUND PROPERTY,Friday,04-08-2016 00:00,18:05
160291896,FOUND PROPERTY,Saturday,04-09-2016 00:00,10:52
160062067,FOUND PROPERTY,Friday,01/22/2016 12:00:00 AM,11:35
160529603,FOUND PROPERTY,Thursday,06/30/2016 12:00:00 AM,09:25
160296987,FOUND PROPERTY,Monday,04-11-2016 00:00,09:15
160063162,FOUND PROPERTY,Friday,01/22/2016 12:00:00 AM,08:00
160063532,FOUND PROPERTY,Friday,01/22/2016 12:00:00 AM,12:20
160299812,FOUND PROPERTY,Monday,04-11-2016 00:00,07:30
160305061,FOUND PROPERTY,Wednesday,04/13/2016 12:00:00 AM,18:00
160305566,FOUND PROPERTY,Thursday,04-07-2016 00:00,21:50
160306376,FOUND PROPERTY,Thursday,04/14/2016 12:00:00 AM,09:00
160309483,FOUND PROPERTY,Friday,04/15/2016 12:00:00 AM,12:55
160068184,FOUND PROPERTY,Sunday,01/24/2016 12:00:00 AM,09:43
160068225,FOUND PROPERTY,Sunday,01/24/2016 12:00:00 AM,10:30
160317834,FOUND PROPERTY,Friday,04/15/2016 12:00:00 AM,12:30
170459937,FOUND PROPERTY,Thursday,12-01-2016 00:00,00:01
160318070,FOUND PROPERTY,Monday,04/18/2016 12:00:00 AM,12:30
160003447,FOUND PROPERTY,Friday,01-01-2016 00:00,14:00
160010765,FOUND PROPERTY,Tuesday,01-05-2016 00:00,01:45
160012921,FOUND PROPERTY,Tuesday,01-05-2016 00:00,19:12
160013543,FOUND PROPERTY,Tuesday,01-05-2016 00:00,23:20
160401205,FOUND PROPERTY,Monday,05/16/2016 12:00:00 AM,10:46
160016804,FOUND PROPERTY,Thursday,01-07-2016 00:00,09:30
160483178,FOUND PROPERTY,Tuesday,06/14/2016 12:00:00 AM,12:45
160483253,FOUND PROPERTY,Tuesday,06/14/2016 12:00:00 AM,13:00
160561332,FOUND PROPERTY,Monday,07-11-2016 00:00,16:19
160506190,FOUND PROPERTY,Wednesday,06/22/2016 12:00:00 AM,13:50
160528893,FOUND PROPERTY,Wednesday,06/29/2016 12:00:00 AM,23:49
160033676,FOUND PROPERTY,Friday,01-08-2016 00:00,14:00
160033698,FOUND PROPERTY,Wednesday,01/13/2016 12:00:00 AM,05:30
160549350,FOUND PROPERTY,Friday,01-01-2016 00:00,12:00
160606825,FOUND PROPERTY,Wednesday,07/27/2016 12:00:00 AM,23:12
160556941,FOUND PROPERTY,Sunday,07-10-2016 00:00,11:23
160043528,FOUND PROPERTY,Saturday,01/16/2016 12:00:00 AM,07:43
160561978,FOUND PROPERTY,Monday,07-11-2016 00:00,14:00
160043625,FOUND PROPERTY,Saturday,01/16/2016 12:00:00 AM,09:40
160044849,FOUND PROPERTY,Saturday,01/16/2016 12:00:00 AM,10:45
160047348,FOUND PROPERTY,Saturday,01/16/2016 12:00:00 AM,10:00
160047354,FOUND PROPERTY,Sunday,01/17/2016 12:00:00 AM,14:40
160626243,FOUND PROPERTY,Wednesday,08-03-2016 00:00,16:00
160576808,FOUND PROPERTY,Sunday,07/17/2016 12:00:00 AM,16:00
160590507,FOUND PROPERTY,Friday,07/22/2016 12:00:00 AM,08:30
160590604,FOUND PROPERTY,Friday,07/22/2016 12:00:00 AM,11:20
160595171,FOUND PROPERTY,Sunday,07/24/2016 12:00:00 AM,02:33
160130705,FOUND PROPERTY,Saturday,02/13/2016 12:00:00 AM,14:00
160603536,FOUND PROPERTY,Tuesday,07/26/2016 12:00:00 AM,23:20
160153741,FOUND PROPERTY,Sunday,02/21/2016 12:00:00 AM,15:15
160610763,FOUND PROPERTY,Friday,07/29/2016 12:00:00 AM,10:00
160615569,FOUND PROPERTY,Saturday,07/30/2016 12:00:00 AM,22:30
160615575,FOUND PROPERTY,Sunday,07/31/2016 12:00:00 AM,05:58
160682994,FOUND PROPERTY,Sunday,08/21/2016 12:00:00 AM,15:00
160642722,FOUND PROPERTY,Tuesday,08-09-2016 00:00,18:10
160647465,FOUND PROPERTY,Thursday,08-11-2016 00:00,11:32
160647471,FOUND PROPERTY,Thursday,08-11-2016 00:00,12:38
160572721,FOUND PROPERTY,Friday,07/15/2016 12:00:00 AM,16:00
160716349,FOUND PROPERTY,Saturday,09-03-2016 00:00,14:00
160005910,FOUND PROPERTY,Sunday,01-03-2016 00:00,08:30
160037537,FOUND PROPERTY,Wednesday,01-06-2016 00:00,09:00
160052024,FOUND PROPERTY,Monday,01/18/2016 12:00:00 AM,12:00
160060005,FOUND PROPERTY,Thursday,01/21/2016 12:00:00 AM,15:18
160060033,FOUND PROPERTY,Thursday,01/21/2016 12:00:00 AM,13:30
160069790,FOUND PROPERTY,Sunday,01/24/2016 12:00:00 AM,20:35
160072947,FOUND PROPERTY,Monday,01/25/2016 12:00:00 AM,23:00
160342405,FOUND PROPERTY,Tuesday,04/26/2016 12:00:00 AM,12:00
160833670,FOUND PROPERTY,Thursday,10/13/2016 12:00:00 AM,01:40
160356478,FOUND PROPERTY,Sunday,05-01-2016 00:00,12:08
160080649,FOUND PROPERTY,Wednesday,01/27/2016 12:00:00 AM,08:30
160739545,FOUND PROPERTY,Monday,09-12-2016 00:00,01:45
160374549,FOUND PROPERTY,Saturday,05-07-2016 00:00,12:12
160813092,FOUND PROPERTY,Thursday,10-06-2016 00:00,13:10
160816864,FOUND PROPERTY,Friday,10-07-2016 00:00,16:20
160816892,FOUND PROPERTY,Friday,10-07-2016 00:00,08:15
160403239,FOUND PROPERTY,Saturday,05/14/2016 12:00:00 AM,14:00
160141025,FOUND PROPERTY,Wednesday,02/17/2016 12:00:00 AM,05:30
160162225,FOUND PROPERTY,Wednesday,02/24/2016 12:00:00 AM,13:24
160183964,FOUND PROPERTY,Wednesday,03-02-2016 00:00,21:30
160442447,FOUND PROPERTY,Sunday,05/29/2016 12:00:00 AM,20:30
160798557,FOUND PROPERTY,Saturday,10-01-2016 00:00,16:30
160150612,FOUND PROPERTY,Friday,02/19/2016 12:00:00 AM,14:30
160196694,FOUND PROPERTY,Friday,03-04-2016 00:00,14:00
160804762,FOUND PROPERTY,Sunday,10-02-2016 00:00,20:00
160201873,FOUND PROPERTY,Tuesday,03-08-2016 00:00,09:00
160205427,FOUND PROPERTY,Thursday,03-10-2016 00:00,14:30
160460386,FOUND PROPERTY,Monday,06-06-2016 00:00,07:45
160221423,FOUND PROPERTY,Wednesday,03/16/2016 12:00:00 AM,14:40
160936133,FOUND PROPERTY,Thursday,11-03-2016 00:00,13:00
160248524,FOUND PROPERTY,Friday,03/25/2016 12:00:00 AM,17:40
160844780,FOUND PROPERTY,Sunday,10/16/2016 12:00:00 AM,23:04
160845669,FOUND PROPERTY,Monday,10/17/2016 12:00:00 AM,11:15
160503704,FOUND PROPERTY,Tuesday,06/21/2016 12:00:00 AM,16:35
160205198,FOUND PROPERTY,Wednesday,03-09-2016 00:00,22:00
160280742,FOUND PROPERTY,Tuesday,04-05-2016 00:00,14:51
160220328,FOUND PROPERTY,Wednesday,03/16/2016 12:00:00 AM,08:08
160922819,FOUND PROPERTY,Saturday,11-12-2016 00:00,17:13
160935505,FOUND PROPERTY,Thursday,11/17/2016 12:00:00 AM,01:20
160246001,FOUND PROPERTY,Thursday,03/24/2016 12:00:00 AM,19:00
160319476,FOUND PROPERTY,Monday,04/18/2016 12:00:00 AM,20:00
160325348,FOUND PROPERTY,Wednesday,04/20/2016 12:00:00 AM,19:30
160563156,FOUND PROPERTY,Tuesday,07-12-2016 00:00,15:51
160563162,FOUND PROPERTY,Tuesday,07-12-2016 00:00,15:51
160257202,FOUND PROPERTY,Monday,03/28/2016 12:00:00 AM,17:20
160346877,FOUND PROPERTY,Thursday,04/28/2016 12:00:00 AM,07:00
160344774,FOUND PROPERTY,Wednesday,04/27/2016 12:00:00 AM,12:30
160578779,FOUND PROPERTY,Monday,07/18/2016 12:00:00 AM,09:00
160349291,FOUND PROPERTY,Thursday,04/28/2016 12:00:00 AM,23:40
160354961,FOUND PROPERTY,Saturday,04/30/2016 12:00:00 AM,16:00
160366079,FOUND PROPERTY,Wednesday,05-04-2016 00:00,14:40
160366104,FOUND PROPERTY,Wednesday,05-04-2016 00:00,08:35
160407372,FOUND PROPERTY,Wednesday,05/18/2016 12:00:00 AM,16:00
160412650,FOUND PROPERTY,Friday,05/20/2016 12:00:00 AM,14:15
160337882,FOUND PROPERTY,Monday,04/25/2016 12:00:00 AM,06:00
161034160,FOUND PROPERTY,Wednesday,12/21/2016 12:00:00 AM,06:48
160462188,FOUND PROPERTY,Monday,06-06-2016 00:00,17:30
161042395,FOUND PROPERTY,Friday,12/23/2016 12:00:00 AM,12:00
160700085,FOUND PROPERTY,Monday,08/29/2016 12:00:00 AM,08:00
160487164,FOUND PROPERTY,Tuesday,06/14/2016 12:00:00 AM,14:00
160488902,FOUND PROPERTY,Thursday,06/16/2016 12:00:00 AM,09:00
160492505,FOUND PROPERTY,Friday,06/17/2016 12:00:00 AM,13:28
160504592,FOUND PROPERTY,Tuesday,06/21/2016 12:00:00 AM,20:35
160506805,FOUND PROPERTY,Wednesday,06/22/2016 12:00:00 AM,14:00
160508431,FOUND PROPERTY,Wednesday,06/22/2016 12:00:00 AM,08:00
160515919,FOUND PROPERTY,Saturday,06/25/2016 12:00:00 AM,17:45
160737652,FOUND PROPERTY,Sunday,09-11-2016 00:00,12:15
160528150,FOUND PROPERTY,Wednesday,06/29/2016 12:00:00 AM,17:50
161049937,FOUND PROPERTY,Monday,12/26/2016 12:00:00 AM,17:00
160755024,FOUND PROPERTY,Saturday,09/17/2016 12:00:00 AM,11:59
160758363,FOUND PROPERTY,Sunday,09/18/2016 12:00:00 AM,15:29
160543960,FOUND PROPERTY,Saturday,07-02-2016 00:00,14:00
160545091,FOUND PROPERTY,Tuesday,07-05-2016 00:00,17:00
160558630,FOUND PROPERTY,Monday,07-11-2016 00:00,23:15
160563134,FOUND PROPERTY,Tuesday,07-12-2016 00:00,15:50
160563140,FOUND PROPERTY,Tuesday,07-12-2016 00:00,15:51
160780281,FOUND PROPERTY,Sunday,09/25/2016 12:00:00 AM,19:45
160564568,FOUND PROPERTY,Tuesday,07-12-2016 00:00,14:30
160578070,FOUND PROPERTY,Monday,07/18/2016 12:00:00 AM,03:35
160579028,FOUND PROPERTY,Monday,07/18/2016 12:00:00 AM,13:25
160607726,FOUND PROPERTY,Wednesday,07/27/2016 12:00:00 AM,11:00
166161837,FOUND PROPERTY,Tuesday,10-04-2016 00:00,11:25
160507461,FOUND PROPERTY,Wednesday,06/22/2016 12:00:00 AM,15:00
160625762,FOUND PROPERTY,Wednesday,08-03-2016 00:00,14:30
160633232,FOUND PROPERTY,Saturday,08-06-2016 00:00,08:00
160851036,FOUND PROPERTY,Wednesday,10/19/2016 12:00:00 AM,00:23
160854466,FOUND PROPERTY,Thursday,10/20/2016 12:00:00 AM,09:00
160635755,FOUND PROPERTY,Sunday,08-07-2016 00:00,09:42
160645312,FOUND PROPERTY,Wednesday,08-10-2016 00:00,15:00
160656290,FOUND PROPERTY,Saturday,08/13/2016 12:00:00 AM,19:40
160664237,FOUND PROPERTY,Wednesday,08/17/2016 12:00:00 AM,08:45
160660906,FOUND PROPERTY,Tuesday,08/16/2016 12:00:00 AM,07:00
160543562,FOUND PROPERTY,Saturday,07-02-2016 00:00,11:45
160881055,FOUND PROPERTY,Friday,10/21/2016 12:00:00 AM,21:00
160693800,FOUND PROPERTY,Friday,08/26/2016 12:00:00 AM,13:30
160905815,FOUND PROPERTY,Sunday,11-06-2016 00:00,16:00
160695953,FOUND PROPERTY,Saturday,08/27/2016 12:00:00 AM,23:00
160695975,FOUND PROPERTY,Saturday,08/27/2016 12:00:00 AM,21:00
160720312,FOUND PROPERTY,Saturday,09-03-2016 00:00,22:15
160710636,FOUND PROPERTY,Thursday,09-01-2016 00:00,22:00
160739874,FOUND PROPERTY,Monday,09-12-2016 00:00,06:00
160739880,FOUND PROPERTY,Monday,09-12-2016 00:00,06:00
160743386,FOUND PROPERTY,Tuesday,09/13/2016 12:00:00 AM,11:15
160739329,FOUND PROPERTY,Sunday,09-11-2016 00:00,23:35
160610462,FOUND PROPERTY,Friday,07/29/2016 12:00:00 AM,07:45
160755115,FOUND PROPERTY,Friday,09/16/2016 12:00:00 AM,21:30
160842392,FOUND PROPERTY,Sunday,10/16/2016 12:00:00 AM,02:00
170019296,FOUND PROPERTY,Thursday,01-07-2016 00:00,20:30
160767041,FOUND PROPERTY,Tuesday,09/20/2016 12:00:00 AM,22:00
160987380,FOUND PROPERTY,Sunday,12-04-2016 00:00,15:00
160997210,FOUND PROPERTY,Thursday,12-08-2016 00:00,17:50
160802487,FOUND PROPERTY,Monday,10-03-2016 00:00,05:30
161009505,FOUND PROPERTY,Monday,12-12-2016 00:00,22:00
160793400,FOUND PROPERTY,Friday,09/30/2016 12:00:00 AM,00:30
160794947,FOUND PROPERTY,Friday,09/30/2016 12:00:00 AM,15:09
161034041,FOUND PROPERTY,Wednesday,12/21/2016 12:00:00 AM,01:50
161042486,FOUND PROPERTY,Friday,12/23/2016 12:00:00 AM,20:00
160921269,FOUND PROPERTY,Saturday,11-12-2016 00:00,08:05
160922596,FOUND PROPERTY,Saturday,11-12-2016 00:00,15:44
160942328,FOUND PROPERTY,Sunday,11-06-2016 00:00,20:00
160942356,FOUND PROPERTY,Friday,11/18/2016 12:00:00 AM,21:00
160713599,FOUND PROPERTY,Friday,09-02-2016 00:00,16:00
160971991,FOUND PROPERTY,Tuesday,11/29/2016 12:00:00 AM,19:00
160896628,FOUND PROPERTY,Thursday,10/27/2016 12:00:00 AM,22:15
160886538,FOUND PROPERTY,Monday,10/31/2016 12:00:00 AM,03:00
160739404,FOUND PROPERTY,Monday,09-12-2016 00:00,00:07
160908239,FOUND PROPERTY,Monday,11-07-2016 00:00,15:20
160921714,FOUND PROPERTY,Friday,11-11-2016 00:00,23:20
160930997,FOUND PROPERTY,Tuesday,11/15/2016 12:00:00 AM,13:30
160944249,FOUND PROPERTY,Saturday,11/19/2016 12:00:00 AM,20:30
160944261,FOUND PROPERTY,Saturday,11/19/2016 12:00:00 AM,23:00
161052883,FOUND PROPERTY,Wednesday,12/28/2016 12:00:00 AM,12:10
161056578,FOUND PROPERTY,Thursday,12/29/2016 12:00:00 AM,13:15
160789857,FOUND PROPERTY,Wednesday,09/28/2016 12:00:00 AM,21:05
160967809,FOUND PROPERTY,Monday,11/28/2016 12:00:00 AM,14:04
160994153,FOUND PROPERTY,Monday,12-05-2016 00:00,15:50
160996789,FOUND PROPERTY,Thursday,12-08-2016 00:00,16:08
161037380,FOUND PROPERTY,Thursday,09-01-2016 00:00,12:00
161062569,FOUND PROPERTY,Saturday,12/31/2016 12:00:00 AM,13:00
160947992,FOUND PROPERTY,Monday,11/21/2016 12:00:00 AM,11:50
160364459,FOUND PROPERTY,Wednesday,05-04-2016 00:00,09:00
161055144,FOUND PROPERTY,Wednesday,12/28/2016 12:00:00 AM,21:15
176000833,FOUND PROPERTY,Saturday,12/31/2016 12:00:00 AM,07:30
160541328,FOUND PROPERTY,Monday,07-04-2016 00:00,16:36
160303764,FOUND PROPERTY,Monday,03/21/2016 12:00:00 AM,10:00
170001146,FOUND PROPERTY,Tuesday,11-01-2016 00:00,12:00
160809295,FOUND PROPERTY,Tuesday,10-04-2016 00:00,23:00
160540687,FOUND PROPERTY,Monday,07-04-2016 00:00,13:07
160906120,FOUND PROPERTY,Sunday,11-06-2016 00:00,17:30
160956993,FOUND PROPERTY,Thursday,11/24/2016 12:00:00 AM,11:50
160965825,FOUND PROPERTY,Sunday,11/27/2016 12:00:00 AM,17:00
161012514,FOUND PROPERTY,Tuesday,12/13/2016 12:00:00 AM,19:45
990340112,FOUND PROPERTY,Wednesday,08-10-2016 00:00,09:18
166025374,FOUND PROPERTY,Saturday,01/30/2016 12:00:00 AM,19:30
160027469,FOUND PROPERTY,Sunday,01-10-2016 00:00,15:03
160170450,FOUND PROPERTY,Saturday,02/27/2016 12:00:00 AM,10:05
160253783,FOUND PROPERTY,Sunday,03/27/2016 12:00:00 AM,16:00
160265443,FOUND PROPERTY,Monday,03/14/2016 12:00:00 AM,16:30
160288542,FOUND PROPERTY,Friday,04-08-2016 00:00,00:28
160315010,FOUND PROPERTY,Sunday,04/17/2016 12:00:00 AM,11:40
160440281,FOUND PROPERTY,Sunday,05/29/2016 12:00:00 AM,17:00
160465530,FOUND PROPERTY,Tuesday,06-07-2016 00:00,20:00
160570628,FOUND PROPERTY,Friday,07/15/2016 12:00:00 AM,01:00
160573826,FOUND PROPERTY,Saturday,07/16/2016 12:00:00 AM,10:25
160593307,FOUND PROPERTY,Friday,07/22/2016 12:00:00 AM,17:00
160659824,FOUND PROPERTY,Monday,08/15/2016 12:00:00 AM,19:05
160678573,FOUND PROPERTY,Monday,08/22/2016 12:00:00 AM,10:20
160758846,FOUND PROPERTY,Sunday,09/18/2016 12:00:00 AM,14:30
161000406,FOUND PROPERTY,Friday,12-09-2016 00:00,19:30
166067962,FOUND PROPERTY,Tuesday,03/22/2016 12:00:00 AM,18:30
